<?xml version="1.0" encoding="utf-8"?>
<SoundBanksInfo Platform="Windows" BasePlatform="Windows" SchemaVersion="12" SoundbankVersion="135">
	<RootPaths>
		<ProjectRoot>D:\PROJECTS\2020\Immelman\FastManeuvers_WwiseProject\</ProjectRoot>
		<SourceFilesRoot>D:\PROJECTS\2020\Immelman\FastManeuvers_WwiseProject\.cache\Windows\</SourceFilesRoot>
		<SoundBanksRoot>D:\PROJECTS\2020\Immelman\FastManeuvers_WwiseProject\GeneratedSoundBanks\Windows\</SoundBanksRoot>
		<ExternalSourcesInputFile></ExternalSourcesInputFile>
		<ExternalSourcesOutputRoot>D:\PROJECTS\2020\Immelman\FastManeuvers_WwiseProject\GeneratedSoundBanks\Windows</ExternalSourcesOutputRoot>
	</RootPaths>
	<DialogueEvents/>
	<StreamedFiles/>
	<MediaFilesNotInAnyBank/>
	<SoundBanks>
		<SoundBank Id="1355168291" Language="SFX">
			<ObjectPath>Init</ObjectPath>
			<ShortName>Init</ShortName>
			<Path>Init.bnk</Path>
		</SoundBank>
		<SoundBank Id="4263034120" Language="SFX">
			<ObjectPath>\SoundBanks\Default Work Unit\FastManeuversUnity</ObjectPath>
			<ShortName>FastManeuversUnity</ShortName>
			<Path>FastManeuversUnity.bnk</Path>
			<IncludedEvents>
				<Event Id="1056292371" Name="SetMusicState" ObjectPath="\Events\Default Work Unit\SetMusicState" DurationType="Infinite">
					<IncludedMemoryFiles>
						<File Id="506430404" Language="SFX">
							<ShortName>Immelman_Clouds.wav</ShortName>
							<Path>SFX\Immelman_Clouds_D79FB2B7.wem</Path>
						</File>
						<File Id="851558418" Language="SFX">
							<ShortName>Immelman_Grounded.wav</ShortName>
							<Path>SFX\Immelman_Grounded_D79FB2B7.wem</Path>
						</File>
						<File Id="1053776101" Language="SFX">
							<ShortName>Immelman_Flying.wav</ShortName>
							<Path>SFX\Immelman_Flying_D79FB2B7.wem</Path>
						</File>
					</IncludedMemoryFiles>
					<SwitchContainers>
						<SwitchContainer SwitchValue="{E96C8015-5C6B-409C-A8B6-7AC74F23D6FE}">
							<Media>
								<File Id="1053776101"/>
							</Media>
						</SwitchContainer>
						<SwitchContainer SwitchValue="{BAEA5EA2-9A26-4D72-9C57-16486422B6C6}">
							<Media>
								<File Id="506430404"/>
							</Media>
						</SwitchContainer>
						<SwitchContainer SwitchValue="{CE5B28D9-F872-4172-B2FE-85917437D1BC}">
							<Media>
								<File Id="851558418"/>
							</Media>
						</SwitchContainer>
					</SwitchContainers>
				</Event>
				<Event Id="24512755" Name="StartBullet" ObjectPath="\Events\Default Work Unit\StartBullet" MaxAttenuation="100.000000" DurationType="Infinite">
					<IncludedMemoryFiles>
						<File Id="61877955" Language="SFX">
							<ShortName>gunShot.wav</ShortName>
							<Path>SFX\gunShot_10C4C929.wem</Path>
						</File>
						<File Id="570654695" Language="SFX">
							<ShortName>bullet.wav</ShortName>
							<Path>SFX\bullet_D79FB2B7.wem</Path>
						</File>
					</IncludedMemoryFiles>
				</Event>
				<Event Id="554144522" Name="StartEngineBoost" ObjectPath="\Events\Default Work Unit\StartEngineBoost" DurationType="Infinite">
					<IncludedMemoryFiles>
						<File Id="332668264" Language="SFX">
							<ShortName>engineBoosting.wav</ShortName>
							<Path>SFX\engineBoosting_D79FB2B7.wem</Path>
						</File>
					</IncludedMemoryFiles>
				</Event>
				<Event Id="407001838" Name="StartEngineRunning" ObjectPath="\Events\Default Work Unit\StartEngineRunning" DurationType="Infinite">
					<IncludedMemoryFiles>
						<File Id="84673309" Language="SFX">
							<ShortName>engineRunning.wav</ShortName>
							<Path>SFX\engineRunning_D79FB2B7.wem</Path>
						</File>
					</IncludedMemoryFiles>
				</Event>
				<Event Id="1442718291" Name="StartEngineStart" ObjectPath="\Events\Default Work Unit\StartEngineStart" DurationType="Infinite">
					<IncludedMemoryFiles>
						<File Id="84673309" Language="SFX">
							<ShortName>engineRunning.wav</ShortName>
							<Path>SFX\engineRunning_D79FB2B7.wem</Path>
						</File>
						<File Id="995340772" Language="SFX">
							<ShortName>engineStart.wav</ShortName>
							<Path>SFX\engineStart_10C4C929.wem</Path>
						</File>
					</IncludedMemoryFiles>
				</Event>
				<Event Id="1901122853" Name="StopBullet" ObjectPath="\Events\Default Work Unit\StopBullet" MaxAttenuation="0.000000" DurationType="OneShot" DurationMin="0.000000" DurationMax="0.000000"/>
				<Event Id="3145559408" Name="StopEngineRunning" ObjectPath="\Events\Default Work Unit\StopEngineRunning" DurationType="Infinite">
					<IncludedMemoryFiles>
						<File Id="613758202" Language="SFX">
							<ShortName>wind.wav</ShortName>
							<Path>SFX\wind_D79FB2B7.wem</Path>
						</File>
					</IncludedMemoryFiles>
				</Event>
			</IncludedEvents>
			<IncludedMemoryFiles>
				<File Id="61877955" Language="SFX">
					<ShortName>gunShot.wav</ShortName>
					<Path>SFX\gunShot_10C4C929.wem</Path>
				</File>
				<File Id="84673309" Language="SFX">
					<ShortName>engineRunning.wav</ShortName>
					<Path>SFX\engineRunning_D79FB2B7.wem</Path>
				</File>
				<File Id="332668264" Language="SFX">
					<ShortName>engineBoosting.wav</ShortName>
					<Path>SFX\engineBoosting_D79FB2B7.wem</Path>
				</File>
				<File Id="506430404" Language="SFX">
					<ShortName>Immelman_Clouds.wav</ShortName>
					<Path>SFX\Immelman_Clouds_D79FB2B7.wem</Path>
				</File>
				<File Id="545819524" Language="SFX">
					<ShortName>engineDamaged.wav</ShortName>
					<Path>SFX\engineDamaged_D79FB2B7.wem</Path>
				</File>
				<File Id="613758202" Language="SFX">
					<ShortName>wind.wav</ShortName>
					<Path>SFX\wind_D79FB2B7.wem</Path>
				</File>
				<File Id="851558418" Language="SFX">
					<ShortName>Immelman_Grounded.wav</ShortName>
					<Path>SFX\Immelman_Grounded_D79FB2B7.wem</Path>
				</File>
				<File Id="995340772" Language="SFX">
					<ShortName>engineStart.wav</ShortName>
					<Path>SFX\engineStart_10C4C929.wem</Path>
				</File>
				<File Id="1053776101" Language="SFX">
					<ShortName>Immelman_Flying.wav</ShortName>
					<Path>SFX\Immelman_Flying_D79FB2B7.wem</Path>
				</File>
			</IncludedMemoryFiles>
			<StateGroups>
				<StateGroup Id="3103015060" Name="MusicStates" ObjectPath="\States\Default Work Unit\MusicStates">
					<States>
						<State Id="748895195" Name="None" ObjectPath="\States\Default Work Unit\MusicStates\None"/>
						<State Id="2907122923" Name="Grounded" ObjectPath="\States\Default Work Unit\MusicStates\Grounded"/>
						<State Id="3827174396" Name="Flying" ObjectPath="\States\Default Work Unit\MusicStates\Flying"/>
						<State Id="4274707406" Name="FlyingClouds" ObjectPath="\States\Default Work Unit\MusicStates\FlyingClouds"/>
					</States>
				</StateGroup>
			</StateGroups>
		</SoundBank>
	</SoundBanks>
</SoundBanksInfo>
